{"cameraMode":{"drawMode":0,"name":"Shaded","section":"Shading Mode"},"sceneLighting":false,"audioPlay":false,"sceneViewState":{"m_AlwaysRefresh":false,"showFog":false,"showSkybox":false,"showFlares":false,"showImageEffects":false,"showParticleSystems":false,"showVisualEffectGraphs":false,"m_FxEnabled":true},"in2DMode":false,"pivot":{"x":0.21716654300689698,"y":-0.05317268520593643,"z":-0.09437966346740723},"rotation":{"x":-0.16186414659023286,"y":0.12016357481479645,"z":-0.019862033426761628,"w":-0.9792689085006714},"size":1.9248489141464234,"orthographic":false}