{"cameraMode":{"drawMode":0,"name":"Shaded","section":"Shading Mode"},"sceneLighting":true,"audioPlay":false,"sceneViewState":{"m_AlwaysRefresh":false,"showFog":false,"showSkybox":false,"showFlares":false,"showImageEffects":false,"showParticleSystems":false,"showVisualEffectGraphs":false,"m_FxEnabled":true},"in2DMode":false,"pivot":{"x":-0.000009059906005859375,"y":13.09013557434082,"z":-14.142135620117188},"rotation":{"x":-0.16186414659023286,"y":0.12016357481479645,"z":-0.019862033426761628,"w":-0.9792689085006714},"size":12.12435531616211,"orthographic":false}