{"cameraMode":{"drawMode":0,"name":"Shaded","section":"Shading Mode"},"sceneLighting":true,"audioPlay":false,"sceneViewState":{"m_AlwaysRefresh":false,"showFog":false,"showSkybox":false,"showFlares":false,"showImageEffects":false,"showParticleSystems":false,"showVisualEffectGraphs":false,"m_FxEnabled":true},"in2DMode":false,"pivot":{"x":-1.1260040998458863,"y":0.032202139496803287,"z":2.462449312210083},"rotation":{"x":-0.006048699840903282,"y":0.28460198640823367,"z":-0.001795787364244461,"w":-0.9586251974105835},"size":0.6073950529098511,"orthographic":false}